"transaction_id","account_to","transaction_date","value","account_from","account_type","balance_date","balance","name","date_of_birth","contact_number","first_line_of_address"
"9770577936","66681692","09/02/2023","1246.4","13058003","Gold","31/01/2023","218","Bastian Lunam","02/10/1995","07726925518","33 Loomis Road"
"304709484","91184544","11/02/2023","1207.7","74252410","Gold","31/01/2023","278.47","Dulcia Crohan","18/04/1969","07136741404","152 Farmco Park"
"393779424","88040274","06/02/2023","1743.5","33832864","Joint","31/01/2023","46.85","Currie Venditto","27/09/1930","07134154463","65851 Lakewood Drive"
"8770709343","54824933","09/02/2023","1549.1","14014401","Basic","31/01/2023","554.46","Clement Gant","09/10/1958","07595178757","13 Barnett Lane"
"1492043389","50959802","02/02/2023","1436.3","38749064","Gold","31/01/2023","569.98","Sileas Dogg","31/05/1999","07827162599","17502 Vahlen Way"
"5282224801","24434457","03/02/2023","2128.4","70231750","Basic","31/01/2023","749.6","Erin Zelland","19/01/1985","07506533244","832 Delaware Point"
"7448776126","88926132","04/02/2023","1618.2","70231750","Basic","31/01/2023","749.6","Erin Zelland","19/01/1985","07506533244","832 Delaware Point"
"6328472633","49216581","07/02/2023","1147.4","17301178","Gold","31/01/2023","311.47","Cherey Edwardes","03/09/1985","07279335181","8 Old Shore Hill"
"9442192019","89088715","02/02/2023","1180.2","66700123","Joint","31/01/2023","175.15","Rene Erik","17/01/1972","07134186207","92670 Garrison Place"
"8140515736","88570753","07/02/2023","1440.9","11333185","Gold","31/01/2023","693.23","Tandi Aberkirdo","13/05/2001","07224213952","40 Buell Crossing"
"6309655094","50276595","06/02/2023","1107.9","27415805","Basic","31/01/2023","902.28","Amber Reicharz","08/02/1988","07425560370","33 Saint Paul Crossing"
"4359027095","52835507","10/02/2023","1098.2","21749252","Gold","31/01/2023","646.27","Mufinella Hamor","24/12/1969","07554653747","7833 Alpine Alley"
"9076940436","46643937","12/02/2023","1041.9","77931114","Gold","31/01/2023","480.52","Lara Betteriss","29/09/1997","07847260700","3774 Shopko Center"
"7112744326","54541943","08/02/2023","1686","11438427","Basic","31/01/2023","484.08","Lora Umpleby","03/04/1952","07470603316","953 Pierstorff Court"
"7293949189","93564856","12/02/2023","1690.9","58216756","Basic","31/01/2023","642.13","Samara Dreossi","27/08/1940","07308649451","9712 Katie Junction"
"2499034262","28251857","02/02/2023","1501.3","11228111","Basic","31/01/2023","130.36","Shae Oxberry","05/08/1938","07802003865","9401 Village Pass"
"6095910323","43338400","14/02/2023","2197.2","36551112","Joint","31/01/2023","976.02","Hatti Bilverstone","18/07/1939","07443848042","47934 East Road"
"7096571558","40507682","14/02/2023","1514.1","36551112","Joint","31/01/2023","976.02","Hatti Bilverstone","18/07/1939","07443848042","47934 East Road"
"1160194041","26432558","06/02/2023","1543","38487215","Gold","31/01/2023","780.01","Aubrey Jamieson","13/02/1971","07569932617","3 Tony Lane"
"5775240375","14103210","13/02/2023","1406.7","61279456","Basic","31/01/2023","814.3","Brear Radenhurst","07/08/1953","07499422184","2767 Drewry Point"
"9847562024","84778718","12/02/2023","1183.8","29358670","Gold","31/01/2023","874.94","Joice Lufkin","01/08/1962","07943159313","6033 Dunning Center"
"2589340206","25779398","11/02/2023","1104.5","78773905","Basic","31/01/2023","511.78","Kary Jeanneau","02/12/1949","07581411435","66 Lawn Junction"
"5116128121","10553619","14/02/2023","1485.6","58306431","Gold","31/01/2023","576.56","Uriel Murkus","22/07/1957","07522998076","37 Hermina Plaza"
"8244446277","37796234","02/02/2023","1698","80808205","Basic","31/01/2023","280.92","Aymer Chessman","14/05/1979","07629430015","92952 Jackson Place"
"7389839740","92052516","02/02/2023","1082.7","80808205","Basic","31/01/2023","280.92","Aymer Chessman","14/05/1979","07629430015","92952 Jackson Place"
"3988237213","47483982","13/02/2023","1017.6","80808205","Basic","31/01/2023","280.92","Aymer Chessman","14/05/1979","07629430015","92952 Jackson Place"
"4348426260","60522190","08/02/2023","1589","35633136","Gold","31/01/2023","603.11","Rora Couldwell","19/02/1985","07573728535","8 Golf View Way"
"6120688943","75468090","13/02/2023","2264.3","88926132","Gold","31/01/2023","275.1","Anissa Tousy","01/02/1980","07298044839","8645 Washington Center"
"7509646162","29631870","02/02/2023","1138","12035637","Gold","31/01/2023","461.35","Tomasine Treend","17/01/1942","07674822587","906 Vera Street"
"6023397263","93009261","08/02/2023","1169.6","12035637","Gold","31/01/2023","461.35","Tomasine Treend","17/01/1942","07674822587","906 Vera Street"
"4000808907","92145159","13/02/2023","1370.8","18447548","Basic","31/01/2023","574.24","Amalle Townsend","06/01/1959","07564656009","3526 Sutherland Alley"
"9187890232","46597215","08/02/2023","1123.1","76546657","Gold","31/01/2023","434.77","Nathanil Crate","30/11/1974","07149355836","3 Beilfuss Alley"
"2073899234","86941058","05/02/2023","1233.7","57145139","Gold","31/01/2023","708.46","Timofei Knibb","27/02/1966","07409125369","7455 Raven Center"
"3977310534","58126511","04/02/2023","1639.2","62222306","Gold","31/01/2023","304.45","Marice Brunsdon","05/07/1956","07718039705","4120 Monterey Parkway"
"5567411537","71383376","03/02/2023","1619.6","99729369","Basic","31/01/2023","751.01","Kerrill Dunstan","18/02/1952","07605122700","921 Merrick Way"
"908048920","97294152","01/02/2023","1194.4","99729369","Basic","31/01/2023","751.01","Kerrill Dunstan","18/02/1952","07605122700","921 Merrick Way"
"5792539529","60114464","10/02/2023","1275.4","45790907","Basic","31/01/2023","567.67","Trudy Labbey","12/02/1931","07725306240","77582 Anthes Road"
"2625787309","22374612","11/02/2023","1742.7","92931020","Gold","31/01/2023","754.11","Sibylla Dowry","03/08/1975","07700782305","417 Schurz Parkway"
"6199332598","89905732","10/02/2023","1147.5","41170515","Basic","31/01/2023","713.46","Dana Kenrack","09/10/1944","07102797795","35 Drewry Avenue"
"7972782466","73642628","06/02/2023","1042","21694967","Basic","31/01/2023","90.13","Hadleigh Dabling","28/09/1951","07756723892","4438 Cherokee Terrace"
"4025620235","45543867","07/02/2023","1522","41085190","Basic","31/01/2023","78.73","Drucie Adamkiewicz","18/01/1933","07956341732","533 Steensland Road"
"7559132731","79570236","08/02/2023","1168.1","41085190","Basic","31/01/2023","78.73","Drucie Adamkiewicz","18/01/1933","07956341732","533 Steensland Road"
"7467124287","92340721","05/02/2023","1168.4","49039474","Gold","31/01/2023","574.7","Junie Maydway","20/11/1956","07396627499","66 Ludington Alley"
"7901964278","99685765","11/02/2023","1815","49039474","Gold","31/01/2023","574.7","Junie Maydway","20/11/1956","07396627499","66 Ludington Alley"
"2094371123","45859156","10/02/2023","1725.1","51471469","Gold","31/01/2023","611.19","Elli Hazleton","08/12/1981","07671784422","89314 Monica Lane"
"6998049056","66706067","10/02/2023","1202.5","59135815","Basic","31/01/2023","240.6","Vivianna Pennycord","19/04/1965","07465002233","252 Monument Junction"
"9013221270","19559937","01/02/2023","1500.7","17138963","Basic","31/01/2023","131.95","Booth Vertigan","04/07/1934","07359490161","29 Valley Edge Junction"
"9369412115","78076137","04/02/2023","1231.2","43329727","Gold","31/01/2023","477.69","Cornelle Maytom","12/02/2001","07869160177","10 Raven Trail"
"4504569876","64228624","12/02/2023","1153.9","22830156","Basic","31/01/2023","596.06","Elli Cater","04/11/1942","07563267406","401 Summerview Terrace"
"6709818918","33470885","07/02/2023","1676.4","23962863","Basic","31/01/2023","307.07","Alika Daspar","22/07/1997","07720985909","30 Meadow Ridge Lane"
"8535701494","85994636","04/02/2023","1361","81384411","Basic","31/01/2023","175.86","Donella Stutely","16/09/1992","07497282395","74 Fremont Court"
"5990349416","25698177","06/02/2023","1524.9","59653557","Basic","31/01/2023","649.61","Kellyann Lathom","14/09/1965","07109322093","24 Macpherson Street"
"8833165655","27382109","13/02/2023","1188.4","49516533","Gold","31/01/2023","7.4","Kattie Sarvar","28/12/1981","07135138253","4552 Merrick Plaza"
"9533768649","51771015","11/02/2023","1035.1","86207903","Gold","31/01/2023","911.44","Leeanne Oddey","30/05/1935","07377002273","6125 Lake View Crossing"
"5946791915","57446648","06/02/2023","1201.1","24149353","Joint","31/01/2023","487.27","Roddy Tackell","14/04/1976","07240230684","351 Division Street"
"3298186899","96401230","01/02/2023","1663.4","94060198","Basic","31/01/2023","309.9","Scotti Bissiker","29/05/1941","07977050145","283 Grasskamp Hill"
"268051321","83659554","08/02/2023","1537.1","85848442","Gold","31/01/2023","118.46","Ingaborg Bradnocke","24/03/1938","07677453073","146 Waywood Circle"
"6437426330","26109213","05/02/2023","1315.1","71868471","Basic","31/01/2023","474.32","Lanae Lutas","07/09/1938","07655940959","5 Myrtle Trail"
"4758584850","78501355","04/02/2023","1610.8","42746180","Gold","31/01/2023","12.15","Tadio Pettersen","06/04/1986","07437806282","9 Del Mar Avenue"
"8011320084","51198722","07/02/2023","1035.2","42783101","Gold","31/01/2023","289.82","Gannie Mustill","23/06/1959","07701932569","9 Schlimgen Terrace"
"9849651040","19789505","01/02/2023","1041.9","88160468","Gold","31/01/2023","640.07","Raff Pakeman","09/03/1997","07596092076","76 Ridge Oak Alley"
"6732430556","60114464","10/02/2023","1640.4","11846043","Basic","31/01/2023","915.59","Harrietta McIlwrath","12/05/1971","07319685775","88637 Rutledge Point"
"8396185328","69315008","01/02/2023","1052.6","14355869","Gold","31/01/2023","329.16","Shana Twentyman","06/11/1959","07257069800","859 Springs Park"
"9825475447","49840526","08/02/2023","2591.7","95213279","Gold","31/01/2023","441.59","Karole Pointing","07/03/1977","07911233080","6232 Steensland Way"
"4013458284","46525458","07/02/2023","1225","91142310","Basic","31/01/2023","363.08","Pierre Skatcher","19/12/1949","07253371140","745 Crownhardt Street"
"1893648036","58925998","12/02/2023","1261.6","75134291","Basic","31/01/2023","903.25","Corabel Leisman","10/10/1948","07782076118","22 Weeping Birch Point"
"2065900199","39542358","11/02/2023","2361.6","97541080","Gold","31/01/2023","677.34","Emanuele Mitcham","04/03/1967","07266880904","8678 Oneill Place"
"921255039","81994568","04/02/2023","1510.5","78362587","Gold","31/01/2023","390.79","Derrik Fenelow","28/02/1950","07290005814","6627 Union Center"
"5805207273","87179572","01/02/2023","1292.5","78362587","Gold","31/01/2023","390.79","Derrik Fenelow","28/02/1950","07290005814","6627 Union Center"
"560740182","67147649","02/02/2023","1499.9","78362587","Gold","31/01/2023","390.79","Derrik Fenelow","28/02/1950","07290005814","6627 Union Center"
"2577914652","13197335","10/02/2023","1812.5","49216581","Gold","31/01/2023","911.91","Corie Twopenny","18/09/1973","07579843768","69370 Surrey Plaza"
"184329213","79033058","04/02/2023","1454.9","23231848","Gold","31/01/2023","27.12","Fee Moore","05/04/1944","07116175185","30 Aberg Way"
"5011570401","10271519","03/02/2023","2285.6","63232279","Basic","31/01/2023","931.78","Ronnie Shoebrook","27/10/1986","07699578127","55543 Schlimgen Trail"
"5394880565","19242274","10/02/2023","1324.9","37369245","Gold","31/01/2023","446.65","Ian Armin","06/11/1978","07315779675","46128 Paget Way"
"4141638013","10437896","11/02/2023","1107.1","86339581","Gold","31/01/2023","91.76","Cathie Arnaldi","03/07/1931","07436688971","162 Larry Plaza"
"7250445162","87967388","13/02/2023","1393.1","15732629","Basic","31/01/2023","975.81","Wyatan Stenbridge","27/01/1934","07112036766","9 Waxwing Lane"
"7547139418","45688415","01/02/2023","1393.7","34400277","Gold","31/01/2023","207.59","Joscelin Ferraresi","13/03/2003","07127250410","715 Bay Circle"
"5001214122","90951743","02/02/2023","1559.2","58822254","Basic","31/01/2023","79.7","Melodie Elstone","12/09/1955","07369065448","81657 Pleasure Circle"
"6282069041","63298193","08/02/2023","1360.9","24184530","Joint","31/01/2023","37.87","Gates Slevin","10/12/1972","07334338009","9 Holmberg Alley"
"7747292902","85559926","12/02/2023","1071.4","33470885","Basic","31/01/2023","531.96","Saunderson Torrance","11/05/1975","07196424619","68959 Banding Drive"
"5898567321","49520335","10/02/2023","1795.9","55304418","Basic","31/01/2023","968.71","Tatum McGarahan","19/09/1942","07450115970","1875 Hanson Court"
"6020529444","92376825","11/02/2023","1214.6","55304418","Basic","31/01/2023","968.71","Tatum McGarahan","19/09/1942","07450115970","1875 Hanson Court"
"8426476287","76256026","12/02/2023","1251.2","57084496","Gold","31/01/2023","58.05","Fayth Baude","22/11/1937","07728350778","453 Debra Crossing"
"9497069960","69540137","14/02/2023","1314.7","10799356","Gold","31/01/2023","915.04","Emmi Sinnie","29/01/1954","07304047316","76493 Jenifer Place"
"9662970398","72354216","13/02/2023","1127.3","61724951","Gold","31/01/2023","656.25","Estrella Pretley","08/11/1933","07283853245","9858 Hagan Pass"
"752935623","99514298","07/02/2023","1121.9","26432558","Gold","31/01/2023","465.32","Ruperto Durrand","29/04/1984","07475777928","8 Straubel Pass"
"1740428250","21558805","07/02/2023","1434.3","71332337","Basic","31/01/2023","661.23","Gisella Farady","06/10/1930","07682559522","38 Forest Run Crossing"
"1097057445","21293955","05/02/2023","1110.7","22374612","Gold","31/01/2023","554.31","Eleonore Raphael","09/06/1987","07100932184","2 Farragut Terrace"
"9598995518","53376344","14/02/2023","1365","94973297","Basic","31/01/2023","761.68","Vida Chiverstone","15/04/1998","07775774111","6 Mayer Court"
"2488904619","35126236","14/02/2023","2138","20908067","Basic","31/01/2023","607.53","Johnnie Exeter","31/07/1981","07670500402","53 Algoma Road"
"1244052175","16013218","06/02/2023","1436.4","16676577","Gold","31/01/2023","407.24","Byrle Bianco","12/07/1997","07766660402","5 Acker Street"
"6186639290","40374724","14/02/2023","1139.7","57790631","Basic","31/01/2023","893.46","Bald Pesterfield","21/09/1994","07591095920","10680 Sundown Crossing"
"5425969864","36696277","12/02/2023","1491.7","62256127","Gold","31/01/2023","784.39","Berri Bradberry","12/07/1994","07528399319","43 Schlimgen Pass"
"8141884395","60017511","11/02/2023","1363.6","62256127","Gold","31/01/2023","784.39","Berri Bradberry","12/07/1994","07528399319","43 Schlimgen Pass"
"2359633759","38990596","07/02/2023","1348.3","46643937","Gold","31/01/2023","751.73","Taryn Likly","14/08/1970","07584875836","55 Melrose Terrace"
"6692625831","28811285","12/02/2023","1534.6","94677908","Gold","31/01/2023","343.33","Bonnibelle Filpi","07/05/1969","07949922939","9182 Gale Trail"
"6907266245","68198696","12/02/2023","1149","91349198","Gold","31/01/2023","669.58","Sapphire Garry","27/02/1999","07313061573","51239 Dunning Trail"
"9394994130","50520009","08/02/2023","1808.4","32400822","Gold","31/01/2023","987.34","Van Barritt","26/10/1995","07622614912","5 Emmet Junction"
"9153064143","23295106","14/02/2023","1338.4","45029598","Gold","31/01/2023","558.87","Jerri McCrohon","04/07/2003","07696895888","95 Vernon Park"
"5120287735","37796234","08/02/2023","1096.2","88482062","Gold","31/01/2023","149.31","Hammad Cronin","28/04/1959","07341322201","286 Holy Cross Circle"
"7953628902","81267006","10/02/2023","1430.6","83003822","Basic","31/01/2023","286.54","Paulie Gofton","04/12/1957","07504506285","40 Oak Circle"
"1118814797","72008772","03/02/2023","1791.6","82920281","Basic","31/01/2023","41.13","Fernanda Silvester","22/06/1956","07264886209","55 Sugar Parkway"
"495755869","92155262","08/02/2023","1051.3","70624878","Gold","31/01/2023","328.5","Cobby Jedrzejewsky","16/10/1997","07444846231","93122 Summit Point"
"5258873692","69561077","05/02/2023","1917.1","34921262","Gold","31/01/2023","971.82","Moina Farnfield","19/12/1999","07235956284","86 Banding Point"
"7362541414","26375186","14/02/2023","1650.9","58720727","Gold","31/01/2023","471.56","Minda Ewols","22/08/1989","07456143918","80437 Farmco Court"
"7834529188","82115900","14/02/2023","1308.6","71643841","Gold","31/01/2023","232.5","Ange Stoneham","11/05/1933","07205592453","24728 Emmet Lane"
"7564360178","98620342","05/02/2023","1533.5","65220738","Basic","31/01/2023","873.56","Alix Rawling","11/04/1949","07860665629","9145 Petterle Street"
"7259250836","19956941","03/02/2023","1121.6","65220738","Basic","31/01/2023","873.56","Alix Rawling","11/04/1949","07860665629","9145 Petterle Street"
"3472782188","62412215","12/02/2023","1278.9","50772829","Basic","31/01/2023","47.57","Pall Lownsbrough","19/01/1939","07112760146","843 Dayton Avenue"
"6510708876","84070285","12/02/2023","1128.7","85344981","Basic","31/01/2023","874.46","Krishnah McColm","03/05/1945","07123765935","65 Lakewood Gardens Terrace"
"7273869791","19686460","08/02/2023","1379.8","30112323","Joint","31/01/2023","519.73","Flynn Largen","30/09/1993","07888467488","9 Magdeline Alley"
"9184252820","84695068","12/02/2023","1764.4","66586860","Gold","31/01/2023","938.51","Urson Fulbrook","21/07/1974","07660206901","3423 Stephen Circle"
"7898967763","47091705","09/02/2023","1340.1","82314789","Basic","31/01/2023","735.77","Carrie Agdahl","01/11/1944","07526689864","890 Sutteridge Court"
"3058104928","38969279","04/02/2023","1579.8","92195724","Gold","31/01/2023","726.92","Robyn Grinin","27/05/1938","07284741090","9 Grasskamp Lane"
"9059693922","40082477","09/02/2023","1434.1","15044055","Gold","31/01/2023","204.3","Ruprecht Jessel","21/05/1944","07143621889","6761 Toban Circle"
"3717091964","47091705","05/02/2023","1195","26907311","Basic","31/01/2023","842.69","Aleta Ruvel","25/12/1942","07856477700","12 Carioca Point"
"2285320620","89645445","09/02/2023","1726.4","37789180","Gold","31/01/2023","854.05","Conni Horry","22/01/1989","07395966131","4145 Sloan Drive"
"9909979543","10034341","03/02/2023","1566.6","53161068","Gold","31/01/2023","945.53","Neill Jowle","20/01/1984","07185971315","8 Marquette Crossing"
"3008338488","77797288","05/02/2023","1852.7","30312615","Gold","31/01/2023","659.36","Kennan Roomes","22/05/1969","07376999770","1 Magdeline Road"
"9129991358","76343783","13/02/2023","1505.7","57948925","Basic","31/01/2023","194.11","Sigismond Merrikin","09/07/1942","07427994477","98805 Namekagon Court"
"8249004485","42652193","04/02/2023","1465.5","57948925","Basic","31/01/2023","194.11","Sigismond Merrikin","09/07/1942","07427994477","98805 Namekagon Court"
"1066977682","84714323","04/02/2023","1268.7","10725127","Basic","31/01/2023","984.69","Adeline Oxer","22/11/1998","07810160404","97044 Meadow Vale Avenue"
"3441549473","64168292","14/02/2023","1323.7","72309641","Basic","31/01/2023","386.61","Simeon Westwell","17/06/1966","07196750963","57 Cordelia Drive"
"9070015781","94973297","10/02/2023","1275.3","93745446","Basic","31/01/2023","574.89","Janet Comiam","21/08/1964","07458460825","10 Petterle Center"
"1858273145","43597919","12/02/2023","1323.4","38606148","Gold","31/01/2023","956.59","Sibelle Fryd","17/04/1955","07447580226","3 Nova Lane"
"879871237","58668564","11/02/2023","1125","31680976","Gold","31/01/2023","327.79","Germain Clubb","23/02/1999","07336434478","3 Leroy Way"
"8434042169","23815822","03/02/2023","1882.4","21711501","Basic","31/01/2023","126.63","Marcelo Gebby","01/01/1957","07749225564","4 Artisan Alley"
"9122546715","94060198","05/02/2023","1317.7","67466632","Gold","31/01/2023","350.06","Gayle Bellwood","13/09/1952","07116687087","8012 Oak Valley Terrace"
"4513208813","93981472","02/02/2023","1298.8","56483442","Gold","31/01/2023","151.85","Rudd Surmeir","22/10/1970","07941697234","201 Parkside Road"
"9813247657","73668192","02/02/2023","1495.8","39267013","Basic","31/01/2023","516.74","Penny Bartolommeo","08/05/1993","07674320345","423 Cascade Lane"
"1922898643","67270354","10/02/2023","1124.9","98886699","Basic","31/01/2023","300.31","Hattie Alred","14/11/1975","07877076782","3638 Jenifer Alley"
"7178801352","44242297","12/02/2023","1003.7","44145489","Gold","31/01/2023","635.75","Meier Kerfut","13/02/1998","07282817564","2587 Rieder Parkway"
"6088822880","27713909","09/02/2023","1160","59152169","Basic","31/01/2023","148.6","Dwayne Boc","19/05/1960","07979396226","7 Kim Terrace"
"57491925","19094015","12/02/2023","1761.1","65589565","Gold","31/01/2023","321.99","Annabel Medd","17/02/1959","07175713923","24 Warner Junction"
"2882617933","41282329","13/02/2023","1023","61178950","Basic","31/01/2023","104.88","Gawen Feldheim","17/10/1986","07551559282","9778 Larry Crossing"
"8003487307","95710324","10/02/2023","1484.2","59663741","Basic","31/01/2023","642.86","Franciskus Scimoni","23/12/1989","07159541292","929 Bowman Center"
"791244091","16118153","13/02/2023","1827.6","84406205","Basic","31/01/2023","818.63","Kienan Agate","15/10/1952","07498582538","14 Melvin Pass"
"2837013145","87801896","03/02/2023","1632","78343618","Basic","31/01/2023","30.43","Torrence Owtram","23/07/1992","07848649593","84 Pepper Wood Pass"
"6438233536","71718483","02/02/2023","1193.3","78343618","Basic","31/01/2023","30.43","Torrence Owtram","23/07/1992","07848649593","84 Pepper Wood Pass"
"7466187412","37503622","09/02/2023","1300.7","14448009","Joint","31/01/2023","958.46","Grayce Patel","07/03/2000","07935804352","70105 Hayes Way"
"3101879213","21392412","04/02/2023","1367.4","14448009","Joint","31/01/2023","958.46","Grayce Patel","07/03/2000","07935804352","70105 Hayes Way"
"319483649","98377332","08/02/2023","1779.2","14448009","Joint","31/01/2023","958.46","Grayce Patel","07/03/2000","07935804352","70105 Hayes Way"
"8699896069","76847816","03/02/2023","1259.6","44902994","Basic","31/01/2023","790.34","Elsi Payton","22/03/1935","07588400660","54091 Surrey Alley"
"1619996944","43811112","07/02/2023","1760.8","66152145","Basic","31/01/2023","83.45","Arvy Brogiotti","25/03/1962","07284297046","6156 Eggendart Parkway"
"3873340968","91971494","06/02/2023","1053.5","17039422","Basic","31/01/2023","941.44","Agna Blenkiron","04/05/1980","07407748492","57 Harbort Trail"
"6955368524","82764940","02/02/2023","1117","54589543","Gold","31/01/2023","817.51","Dorie Dehn","21/09/2003","07933456967","31 Farragut Place"
"5976076416","97988499","08/02/2023","1026.8","52461586","Gold","31/01/2023","596.3","Penny Skitt","02/06/1933","07990083087","572 Drewry Circle"
"4265537685","93009261","06/02/2023","1695","19094015","Basic","31/01/2023","548.65","Tom Twell","11/08/1940","07512644141","995 Debs Lane"
"1030564639","87556975","07/02/2023","1372.5","60860851","Basic","31/01/2023","17.96","Langston Gunson","25/04/1931","07123651818","34619 Claremont Court"
"7917784223","24123707","09/02/2023","1386.8","35506101","Gold","31/01/2023","713.65","Adrianne Pree","26/02/1995","07549505592","939 Sugar Hill"
"9778671273","91259453","12/02/2023","1801.4","81855175","Basic","31/01/2023","907.59","Iona Ehlerding","14/11/1986","07469952982","14308 Heath Pass"
"8821350304","64237458","05/02/2023","1295.5","80787776","Gold","31/01/2023","460.46","Saundra Hargitt","01/09/1988","07281724264","7211 Eastlawn Junction"
"2976252556","62412215","06/02/2023","1011.5","71934515","Gold","31/01/2023","340.99","Edmund Roseby","21/08/1945","07754311768","643 Fordem Center"
"7447043141","52203356","08/02/2023","1316.4","83530541","Gold","31/01/2023","630.6","Lind Mickelwright","12/12/1972","07478747011","4391 Amoth Center"
"8657927187","11110085","14/02/2023","1397.8","11662506","Basic","31/01/2023","573.89","Leigh Slimings","12/11/2002","07112224952","5841 Florence Circle"
"4230172990","68315462","09/02/2023","1410.1","10231977","Basic","31/01/2023","61.63","Federico Cathro","13/12/1985","07283906757","12 Green Hill"
"2395653497","60114464","10/02/2023","1188.3","70554021","Gold","31/01/2023","44.26","Nert Rosenzwig","11/11/1991","07280776110","684 Bobwhite Terrace"
"9128693981","45015534","08/02/2023","1032.4","18348734","Basic","31/01/2023","579.93","Colene Rastrick","24/03/1946","07955897701","8 Macpherson Terrace"
"2926917953","96121732","11/02/2023","1669.7","18348734","Basic","31/01/2023","579.93","Colene Rastrick","24/03/1946","07955897701","8 Macpherson Terrace"
"858330121","11110085","05/02/2023","1712.2","98882225","Basic","31/01/2023","881.65","Correna Rhymer","23/05/1997","07266417443","64 Portage Court"
"3932700171","68484031","11/02/2023","1672.7","74255305","Gold","31/01/2023","3.7","Sunny Grzegorecki","22/05/1965","07272693744","61 Victoria Park"
"8821866106","25522226","04/02/2023","1410.9","85994636","Gold","31/01/2023","819.24","Chip Sedcole","06/11/1985","07561752448","1346 Northwestern Junction"
"3724174004","84448752","06/02/2023","1409.6","37319261","Basic","31/01/2023","574.42","Antonia Storrie","29/07/1985","07360930651","1733 Bunting Lane"
"3741609099","38990596","03/02/2023","1462.8","52442629","Basic","31/01/2023","617.92","Paulita Samme","20/07/1953","07113330058","52 Clemons Road"
"5946791915","57446648","06/02/2023","1201.1","24149353","Joint","31/01/2023","487.27","Neda Sleaford","03/11/2003","07410547442","351 Division Street"
"4025712466","72784766","09/02/2023","1288.6","22137086","Basic","31/01/2023","410.35","Kerry Gaze","29/06/1992","07903643984","3 Esker Place"
"213599996","84448752","08/02/2023","1368.6","22137086","Basic","31/01/2023","410.35","Kerry Gaze","29/06/1992","07903643984","3 Esker Place"
"2799250149","77688406","07/02/2023","1516.3","65143384","Basic","31/01/2023","227.08","Annmaria Craske","28/06/1957","07505587763","1045 Thompson Circle"
"6568574511","54301151","12/02/2023","1619.3","78395863","Gold","31/01/2023","458.24","Martynne Leversha","06/11/1989","07109047769","81 Algoma Crossing"
"1934756474","22830156","10/02/2023","1987.3","57224848","Joint","31/01/2023","30.59","Milt Laker","27/03/1945","07631114748","229 Lighthouse Bay Way"
"2733294954","15899774","08/02/2023","1382.5","42838186","Gold","31/01/2023","466.48","Shurlock Siviter","11/01/1989","07401023617","11082 Cottonwood Street"
"1391751167","63298193","12/02/2023","1111.4","85265080","Gold","31/01/2023","992.6","Michelina Haeslier","20/01/1991","07330908928","38843 Kensington Junction"
"4941311604","10847941","11/02/2023","1094","39516154","Gold","31/01/2023","620.87","Christalle Mitchel","23/08/1956","07445614911","641 Banding Drive"
"3493101317","95467370","02/02/2023","1273.1","39516154","Gold","31/01/2023","620.87","Christalle Mitchel","23/08/1956","07445614911","641 Banding Drive"
"5400364764","76482858","07/02/2023","1236.7","76257915","Gold","31/01/2023","795.66","Lemmy Kingaby","09/08/1993","07295738518","10809 Florence Hill"
"9800350713","30112323","09/02/2023","1504.7","79033058","Basic","31/01/2023","97.12","Barnaby Boydon","10/11/1964","07560843018","917 Charing Cross Parkway"
"7092708192","88551691","05/02/2023","1136.4","85940057","Gold","31/01/2023","521.37","Luce Hemphrey","11/04/1991","07531937123","55 Ilene Terrace"
"9442192019","89088715","02/02/2023","1180.2","66700123","Joint","31/01/2023","175.15","Rebekkah Blais","10/03/1964","07527765994","92670 Garrison Place"
"4052648021","23271383","06/02/2023","1176.9","71280775","Basic","31/01/2023","427.44","Harmon Monroe","08/05/1990","07952399339","76 Myrtle Crossing"
"4595593104","94342965","09/02/2023","1208","15914466","Gold","31/01/2023","436.62","Kathy Naden","01/07/1951","07409895649","29316 Monterey Drive"
"9837530847","31335654","12/02/2023","1192.7","45196342","Gold","31/01/2023","402.48","Briny Birckmann","08/01/1932","07545560274","722 Russell Circle"
"8191592274","91305080","14/02/2023","1288","15052808","Gold","31/01/2023","786.05","Emmott Sharvill","16/12/1967","07762043089","2 Eagan Circle"
"8782463611","15944303","12/02/2023","1267.9","17749893","Basic","31/01/2023","889.45","Klemens Gagan","25/04/1957","07404841393","4 Green Way"
"4984550406","56936624","02/02/2023","1921.4","89905732","Basic","31/01/2023","883.38","Noreen Strothers","26/04/1994","07750249364","138 Moland Junction"
"963672401","42838186","09/02/2023","1176.8","95390412","Basic","31/01/2023","553.04","Wren Shedd","27/06/1991","07991608640","26466 Ridgeview Court"
"5518845170","63301094","06/02/2023","1204.5","47406737","Gold","31/01/2023","963.14","Cece Dyde","22/11/1993","07748112315","684 Vera Parkway"
"6467222474","65579734","13/02/2023","1085.6","26522255","Gold","31/01/2023","283.67","Tessa Rosenthaler","22/01/1972","07859434217","317 Kinsman Lane"
"3960597703","46913859","08/02/2023","1127.1","26522255","Gold","31/01/2023","283.67","Tessa Rosenthaler","22/01/1972","07859434217","317 Kinsman Lane"
"9309396490","44228646","08/02/2023","1244.2","42235537","Basic","31/01/2023","165.2","Gilburt Sedgefield","09/07/1961","07833801224","1587 Bunting Crossing"
"7182478331","55986093","07/02/2023","1298.9","96278865","Gold","31/01/2023","930.45","Thornie Cornils","18/08/1934","07547699186","77 Elmside Terrace"
"8549509183","18348734","09/02/2023","1045.1","65754176","Basic","31/01/2023","716.55","King Wooler","27/12/1975","07310078589","9925 Weeping Birch Plaza"
"3364251460","92155262","09/02/2023","1060","32308270","Gold","31/01/2023","976.53","Alley Hazeman","13/07/1932","07104529577","9991 Heffernan Court"
"9534445568","77418940","11/02/2023","1012.8","84366763","Gold","31/01/2023","734.48","Hedda Breukelman","16/08/1981","07559993711","5 Monument Circle"
"8680634573","35633136","09/02/2023","1855.5","24462859","Basic","31/01/2023","646","Kittie Heakins","10/07/1957","07641727085","9 Village Green Point"
"9767173250","35330225","09/02/2023","1169.4","30623117","Gold","31/01/2023","266.92","Hedwig Lehrer","01/12/2003","07707692226","848 Northview Center"
"5736260077","69468071","06/02/2023","1791.9","11882775","Basic","31/01/2023","299.41","Maggi Huard","01/08/1935","07487245589","51 7th Place"
"3548407560","57084496","01/02/2023","1058.7","11882775","Basic","31/01/2023","299.41","Maggi Huard","01/08/1935","07487245589","51 7th Place"
"4658575884","69556322","14/02/2023","1145.9","67090449","Gold","31/01/2023","724.35","Dottie Ladd","19/10/1978","07734614888","22552 Harper Junction"
"1013772741","48271608","13/02/2023","1665.4","19789505","Basic","31/01/2023","893.9","Blanch Kinforth","12/07/1949","07628210281","94115 Clemons Alley"
"7080051630","77797288","12/02/2023","1808.9","14648004","Gold","31/01/2023","236.67","Leila Peter","15/11/1979","07911895533","28102 Nobel Crossing"
"5514302946","95081571","08/02/2023","1330.7","14648004","Gold","31/01/2023","236.67","Leila Peter","15/11/1979","07911895533","28102 Nobel Crossing"
"9463323708","64683004","09/02/2023","1658","23971753","Basic","31/01/2023","170.77","Shanon Howie","14/01/1960","07672808451","17746 Comanche Center"
"5029081461","65603779","02/02/2023","1145.1","54377538","Basic","31/01/2023","845.93","Vernon Nind","05/06/1964","07654658219","6166 Toban Park"
"7433054391","44358901","08/02/2023","1805.6","85874418","Gold","31/01/2023","151.83","Barr Blazy","18/03/1958","07184540087","97 Dunning Trail"
"4129627066","24250015","12/02/2023","1354.4","58009817","Gold","31/01/2023","887.22","Cilka Krugmann","11/11/1936","07903604793","2 Melby Street"
"215959175","64065043","13/02/2023","1619.8","55986027","Basic","31/01/2023","38.94","Honey Marns","08/04/1956","07121727227","637 Schmedeman Alley"
"2640055526","79329254","12/02/2023","1143.7","63714888","Basic","31/01/2023","632.75","Dennison Plank","08/04/1997","07698172293","137 Iowa Circle"
"9881869013","41252281","10/02/2023","1052.9","53845615","Basic","31/01/2023","597.04","Melita Grouvel","20/01/1991","07528594995","1 Victoria Point"
"2833053614","76343783","08/02/2023","1253.6","84448752","Gold","31/01/2023","412.15","Opaline Huddart","31/03/1938","07532581601","927 Algoma Park"
"4965345649","31183587","05/02/2023","1152.5","45822265","Basic","31/01/2023","881.34","Bella Grafton","05/10/1951","07348166588","995 Canary Circle"
"7904620219","34866268","12/02/2023","1261.7","59455653","Gold","31/01/2023","4.64","Zarah Johananoff","12/05/1964","07898432354","5273 Manufacturers Way"
"2072542154","98671410","03/02/2023","1016.9","91658755","Basic","31/01/2023","347.59","Derk McCullough","10/12/2001","07112324244","50 Declaration Plaza"
"8307972981","93446276","09/02/2023","1679.2","61860337","Basic","31/01/2023","892.77","Ursuline Netti","15/04/1953","07931767158","97809 Brentwood Way"
"6282069041","63298193","08/02/2023","1360.9","24184530","Joint","31/01/2023","37.87","Westbrook Lisle","03/02/1938","07609148463","9 Holmberg Alley"
"5723530860","47356348","03/02/2023","1223.8","12420291","Gold","31/01/2023","578.47","Rozele Chippindale","30/11/1994","07849008825","128 Sommers Trail"
"4242985320","81181209","10/02/2023","1210.3","86108287","Basic","31/01/2023","523.61","Ilene Castro","23/08/1932","07546415066","25768 Browning Drive"
"9326834948","53091928","07/02/2023","1741.9","59252971","Gold","31/01/2023","803.65","Abbie Bonehill","14/10/2003","07325085865","2346 Killdeer Terrace"
"1612227368","36668239","02/02/2023","1640.2","49581833","Basic","31/01/2023","117.56","Sherri Lafee","19/03/1977","07195798418","65178 Lyons Junction"
"1303697149","92319358","09/02/2023","1877.3","48071843","Gold","31/01/2023","997.62","Roxanne Simmon","04/05/2001","07833639896","8768 Sage Junction"
"1054269300","77917083","08/02/2023","1119.6","54377130","Basic","31/01/2023","425.86","Carmela Warrilow","20/08/1959","07816201787","8 Laurel Parkway"
"4286864758","42726921","12/02/2023","1342.4","99734848","Gold","31/01/2023","354.29","Jana Sibthorp","02/03/1938","07302718672","48 Sutteridge Plaza"
"9198830945","77551209","04/02/2023","1795.8","57108303","Gold","31/01/2023","737.04","Barbara-anne Kiehl","03/08/1971","07138794713","79 Crest Line Park"
"8757806101","61555609","13/02/2023","1503.2","69648759","Basic","31/01/2023","693.39","Mora Reddin","16/08/1981","07485581191","8 Eggendart Plaza"
"6391282196","18133554","07/02/2023","1277.4","47414258","Basic","31/01/2023","900.7","Dolley Shellibeer","02/02/1959","07334199920","4721 American Avenue"
"6437150580","50219545","14/02/2023","1209","48075275","Basic","31/01/2023","881.31","Archy Putson","23/08/1965","07563673747","8 Mosinee Road"
"5934283340","32424424","06/02/2023","1751.6","78541427","Basic","31/01/2023","366.51","Audrye Yarmouth","07/01/1937","07294196796","33 Banding Circle"
"1017702039","23959928","03/02/2023","1569.4","46215382","Gold","31/01/2023","549.77","Dayna Wanklyn","26/03/1966","07602067324","72808 Towne Place"
"5487316627","13117442","11/02/2023","1828.9","88933315","Gold","31/01/2023","289.79","Dudley Tomek","04/03/1973","07457996003","5957 Scofield Street"
"768678234","30565855","05/02/2023","1292.8","38921478","Gold","31/01/2023","641.48","Everett Beazer","04/11/1933","07197761533","83244 Veith Avenue"
"2843750091","20090784","04/02/2023","1263.9","10553619","Basic","31/01/2023","756.2","Dud Gaunt","04/12/1983","07681115087","3 Canary Avenue"
"108536548","86207903","06/02/2023","1085.4","10553619","Basic","31/01/2023","756.2","Dud Gaunt","04/12/1983","07681115087","3 Canary Avenue"
"512522472","32192958","05/02/2023","1625.6","66341438","Basic","31/01/2023","685.06","Cairistiona Stoeckle","12/05/1982","07580758768","9 Linden Pass"
"1422621332","49581833","13/02/2023","1013.4","66341438","Basic","31/01/2023","685.06","Cairistiona Stoeckle","12/05/1982","07580758768","9 Linden Pass"
"3138077927","66416254","06/02/2023","1095.4","33116647","Basic","31/01/2023","391.76","Kristos Mitchelmore","07/04/1986","07392923109","54 Loftsgordon Point"
"6596987310","33915504","11/02/2023","1136.3","67561762","Basic","31/01/2023","469.23","Normand Ginty","05/04/1952","07197800109","76877 Brown Avenue"
"8036664046","15258886","11/02/2023","1733.6","50024545","Basic","31/01/2023","867.21","Cleon Britten","02/03/1980","07783295918","926 Garrison Court"
"4303172405","71381278","11/02/2023","1243","48831634","Basic","31/01/2023","146.94","Rockie Neasham","14/07/1932","07214495114","7 Warrior Pass"
"2239143797","12666385","04/02/2023","1593.8","48831634","Basic","31/01/2023","146.94","Rockie Neasham","14/07/1932","07214495114","7 Warrior Pass"
"8875038309","23415061","04/02/2023","1702.7","62213525","Gold","31/01/2023","45.68","Nanice Wegener","14/05/1993","07988756428","671 Dottie Court"
"5059383865","37642787","10/02/2023","1289.6","43064169","Basic","31/01/2023","555.44","Estelle Lemerie","15/03/1953","07800404494","5497 Mesta Park"
"6590433992","16026987","13/02/2023","1678.8","42340050","Basic","31/01/2023","935.61","Adorne Petworth","24/03/1945","07461742489","45955 Darwin Lane"
"4754885082","75164598","03/02/2023","1529.4","37256412","Gold","31/01/2023","24.43","Geneva Stovin","18/04/2000","07417143574","7 Straubel Hill"
"4852845719","53234515","04/02/2023","1349.2","57436108","Gold","31/01/2023","899.46","Haven Nyland","01/10/1938","07629107844","3 Dennis Road"
"8603111812","21558805","05/02/2023","2160.7","38969279","Gold","31/01/2023","195.74","Ambros Fitzgerald","11/06/1998","07326699118","88 Sugar Crossing"
"1571769293","79933337","03/02/2023","1253.8","81445756","Basic","31/01/2023","267.66","Mic Knok","24/04/1996","07865262263","81645 Menomonie Hill"
"8063078454","43499771","06/02/2023","1003.2","22099256","Basic","31/01/2023","523.78","Mikael Poulney","10/09/1947","07929745585","27867 Bartillon Hill"
"5019162140","22393008","10/02/2023","1526.7","60138058","Basic","31/01/2023","686.46","Filip Doneld","16/05/1930","07662121950","143 Northwestern Avenue"
"3525710887","44019515","07/02/2023","1159.5","19836996","Basic","31/01/2023","245.14","Madelle Attril","14/07/1996","07589616818","32 Morrow Drive"
"973381515","36871984","12/02/2023","1663","39013360","Joint","31/01/2023","987.76","Eartha Brouncker","04/08/1938","07352327545","84 Wayridge Avenue"
"7087580108","44317934","01/02/2023","1888.2","78296743","Gold","31/01/2023","406.97","Silvain Gypson","17/02/1989","07180030696","366 Hagan Drive"
"6813115820","35405748","02/02/2023","1666","77342574","Gold","31/01/2023","907.34","Pace Le Guin","02/12/1941","07280999435","3 2nd Way"
"3827516005","19980716","02/02/2023","1774.7","77342574","Gold","31/01/2023","907.34","Pace Le Guin","02/12/1941","07280999435","3 2nd Way"
"7335798604","15793232","05/02/2023","1580.8","68483071","Gold","31/01/2023","25.88","Bendicty Skipping","10/04/1965","07949590159","27675 Talisman Junction"
"9596601547","22137086","04/02/2023","2122.7","68483071","Gold","31/01/2023","25.88","Bendicty Skipping","10/04/1965","07949590159","27675 Talisman Junction"
"4793151094","67862200","09/02/2023","1131.6","52117174","Gold","31/01/2023","932.96","Kaela Ladbrook","09/07/1933","07504495688","16573 Dryden Road"
"7810071076","85940057","01/02/2023","1069.7","92750088","Gold","31/01/2023","560.4","Roslyn Macconaghy","18/08/1995","07555458493","60662 Eagan Lane"
"1019649690","67862200","11/02/2023","1655.3","13965360","Basic","31/01/2023","299.46","Vincents Speare","25/07/1934","07910043558","82 Delaware Street"
"9426131787","44228646","05/02/2023","1144.8","43541008","Gold","31/01/2023","413.2","Simonette Westoll","16/08/1967","07595149901","28455 Truax Trail"
"8176605085","58547184","02/02/2023","1586.6","26109213","Gold","31/01/2023","698.97","Sheffie Domelow","20/10/1963","07436094644","9 Scofield Alley"
"202263606","22035411","02/02/2023","1028.8","99760030","Gold","31/01/2023","988","Mata Brownett","16/07/1931","07314541365","5 Kenwood Park"
"7930068617","29303323","09/02/2023","1301.5","91576212","Basic","31/01/2023","824.71","Yankee Duffill","12/12/1971","07849849545","8 Anniversary Alley"
"971308187","64303157","08/02/2023","1737.4","89697097","Gold","31/01/2023","449.71","Chlo Karolczyk","10/12/1975","07396892090","64 Hovde Circle"
"6895088164","45021115","11/02/2023","1813.6","96401230","Basic","31/01/2023","21.44","Ursuline Doerrling","24/03/1962","07892880079","45299 Corscot Center"
"2973618347","72809943","14/02/2023","1297.2","68708795","Basic","31/01/2023","399.11","Berna Hawgood","25/02/1982","07256434196","3 Dexter Terrace"
"3142386262","86068003","14/02/2023","2620.1","64299012","Basic","31/01/2023","509.56","Ludvig Mustard","14/08/1998","07712521123","9125 Bultman Center"
"2202297596","76256026","12/02/2023","1145.7","52317175","Gold","31/01/2023","25.94","Osborn Di Gregorio","29/07/1993","07698908775","7678 Little Fleur Road"
"6596515745","16124993","08/02/2023","1668.5","73983591","Basic","31/01/2023","292.39","Rube Blacket","10/05/1992","07527198701","63 Division Crossing"
"9389881641","97571696","01/02/2023","1361","13551717","Basic","31/01/2023","26.95","Crystal Jeacock","24/03/1956","07564586293","762 Mosinee Circle"
"7411217719","78362587","04/02/2023","1266.4","54288062","Basic","31/01/2023","336.75","Ardelle Lazar","20/09/1938","07407503871","43221 Spaight Place"
"1995126314","21694967","07/02/2023","1808.5","99481977","Basic","31/01/2023","940.06","Betsy Demangeon","02/07/2002","07873645269","2791 Melody Hill"
"652262031","72986897","12/02/2023","1682.4","65200379","Basic","31/01/2023","4.27","Shirl Schulter","27/04/1977","07688231017","61202 Red Cloud Park"
"8300680616","15922706","11/02/2023","1370.2","67056187","Basic","31/01/2023","392.51","Rocky Matijasevic","18/08/1987","07675049529","90 Garrison Lane"
"4571894759","89369216","11/02/2023","1944.9","94208888","Gold","31/01/2023","97.84","Stephine Paprotny","09/11/1996","07907183989","48728 Maywood Center"
"8938004112","49172838","13/02/2023","1545.5","10864084","Gold","31/01/2023","119.98","Dyana Gianullo","27/11/1988","07517614468","763 Fulton Trail"
"9675139412","52835507","14/02/2023","1053.5","76146870","Basic","31/01/2023","414.24","Dianne Obern","07/04/1940","07665669464","64097 Sauthoff Court"
"7429340245","95993993","14/02/2023","1137.7","55168205","Basic","31/01/2023","578.4","Sunny Wyllis","25/08/1956","07480760286","2 Hanover Way"
"3592959115","15563919","14/02/2023","1083","41561470","Gold","31/01/2023","750.8","Normy Ebbers","12/08/1964","07758113429","10 Dahle Point"
"4143382547","81475774","04/02/2023","1059.1","53753986","Gold","31/01/2023","252.69","Georgie Hampton","01/11/1930","07825742292","7 Springview Drive"
"7893312475","33527603","13/02/2023","1154.7","74441123","Gold","31/01/2023","833.24","Sebastien Cahn","01/03/2002","07110855146","16412 Pennsylvania Point"
"1600966713","62671957","11/02/2023","1454.9","64486954","Gold","31/01/2023","378","Eliza Morrad","11/07/1983","07443679085","30397 Morningstar Drive"
"4133808312","41282329","05/02/2023","1685.4","64486954","Gold","31/01/2023","378","Eliza Morrad","11/07/1983","07443679085","30397 Morningstar Drive"
"3481459262","58811985","08/02/2023","1024.6","54868017","Gold","31/01/2023","789.86","Pen Wilshere","11/05/1934","07361493364","20 Laurel Point"
"9300429434","11928523","12/02/2023","2208.4","92145159","Gold","31/01/2023","61.65","Gunther Fawltey","02/02/2003","07513000809","452 Bartelt Hill"
"1058766783","27108454","09/02/2023","1324.2","95307629","Gold","31/01/2023","502.48","Jennee Hoyle","14/12/1997","07534192345","726 Katie Court"
"3365854789","41981752","10/02/2023","1375.3","95642341","Gold","31/01/2023","695.88","Stanley Loddy","19/11/1994","07335737122","45654 Mockingbird Trail"
"5048240294","77026279","12/02/2023","1640.8","52855120","Basic","31/01/2023","880.21","Delmor Anniwell","07/09/1988","07115991231","2685 Pankratz Plaza"
"7092608562","14397662","08/02/2023","1800.8","86941058","Gold","31/01/2023","337.99","Hew Le Noury","12/02/1931","07111281452","2 Linden Avenue"
"7185989434","75134291","11/02/2023","1677.5","59705091","Gold","31/01/2023","631.05","Benedicta Pandya","25/09/1951","07103973839","95610 Memorial Street"
"9044315250","53884626","13/02/2023","1525.2","60996794","Basic","31/01/2023","27.98","Vere Radenhurst","20/06/1994","07570905168","3405 Utah Hill"
"2654779653","24513968","01/02/2023","1277.2","93192347","Gold","31/01/2023","298.01","Lori Furlow","27/01/1963","07501164237","5720 Gateway Drive"
"6865729129","25006771","12/02/2023","2147.9","93192347","Gold","31/01/2023","298.01","Lori Furlow","27/01/1963","07501164237","5720 Gateway Drive"
"3776478144","85559926","09/02/2023","1727.8","81049128","Basic","31/01/2023","694.91","Joanne Shrieves","21/12/1961","07961408348","31 Sauthoff Terrace"
"3107514675","33240853","11/02/2023","1318.1","26669001","Basic","31/01/2023","70.04","Dot Yarker","27/10/2001","07411567799","3693 Tennyson Way"
"5891700549","40189934","02/02/2023","1824.3","23141588","Joint","31/01/2023","281.28","Constanta Kellar","28/05/1951","07362058039","49 Pond Pass"
"6719011871","30672740","11/02/2023","1949.6","39402264","Gold","31/01/2023","993.04","Sauncho Moland","29/07/1984","07279287444","56 Vermont Park"
"9845010989","32991596","11/02/2023","1851.4","11736814","Basic","31/01/2023","381.51","Meghann Tucker","30/01/1938","07367647078","5 Beilfuss Court"
"9713257863","11306584","07/02/2023","1198.9","85551186","Basic","31/01/2023","909.25","Stefania Shortall","16/05/1991","07315886787","264 Pearson Hill"
"9859809917","25678043","08/02/2023","2283.2","24529850","Basic","31/01/2023","800.79","Coralie Knellen","28/09/1968","07134906360","682 Morning Pass"
"634727354","89225677","07/02/2023","1107.6","75762044","Basic","31/01/2023","980.08","Holt Hughes","19/10/1954","07493217015","968 Bartelt Alley"
"6666668774","68973836","11/02/2023","1273.1","84188877","Basic","31/01/2023","624.29","Milly McCullogh","23/07/1966","07311953078","6491 Northview Junction"
"8896546893","18718399","10/02/2023","1800.7","84188877","Basic","31/01/2023","624.29","Milly McCullogh","23/07/1966","07311953078","6491 Northview Junction"
"4895409996","29017229","04/02/2023","1246.9","37503622","Gold","31/01/2023","630.18","Judah Shemwell","25/10/1996","07704105958","293 Monument Junction"
"9166816564","68558850","04/02/2023","1395.3","37503622","Gold","31/01/2023","630.18","Judah Shemwell","25/10/1996","07704105958","293 Monument Junction"
"7999582050","97258853","06/02/2023","1912.9","97983552","Gold","31/01/2023","584.92","Hillier Pressdee","08/11/1962","07882084471","1 Pawling Lane"
"7532678911","45816894","08/02/2023","1006.9","66706067","Gold","31/01/2023","1.98","Leilah Godfroy","14/01/1956","07801392491","18 Loftsgordon Crossing"
"703305565","89438779","13/02/2023","1062.5","42652193","Gold","31/01/2023","566.53","Armstrong Conklin","19/03/1982","07615074864","91 Algoma Way"
"5824449856","88538200","10/02/2023","1394.1","76662799","Basic","31/01/2023","296.68","Lena McGiff","29/06/1960","07530042054","6839 Nobel Road"
"4692910372","98940578","06/02/2023","1032.3","80610910","Basic","31/01/2023","139.54","Liva Sotheron","04/10/1994","07195063101","33439 Dexter Trail"
"3925247009","68775529","03/02/2023","1266.7","95993993","Basic","31/01/2023","95.41","Elmore Byrne","02/11/2002","07869804011","8 Calypso Way"
"5596420425","45790907","01/02/2023","1264.3","40745965","Gold","31/01/2023","654.15","Josepha Grattage","03/11/1980","07151819613","59658 Crescent Oaks Street"
"6643142997","11882775","09/02/2023","1202.9","84746166","Gold","31/01/2023","806.73","Wainwright Cinnamond","01/12/1961","07105816352","8514 East Drive"
"2456424484","29288598","14/02/2023","1295.6","84310867","Gold","31/01/2023","258.66","Emlynne Oneile","19/08/1968","07871594297","42 Stoughton Trail"
"5673229496","41085190","10/02/2023","1580.9","82764940","Gold","31/01/2023","876.37","Becca Neasham","12/04/1975","07801802851","6 Raven Place"
"2573182568","35210460","01/02/2023","1821.2","28053942","Gold","31/01/2023","70.94","Donalt Sumbler","24/12/2001","07619027892","4408 Forest Park"
"7413234025","28822117","05/02/2023","1022.3","26888158","Basic","31/01/2023","473.02","Arlie Bruneton","23/03/1942","07453783238","981 Bay Alley"
"6977551879","13197335","09/02/2023","1043.8","51718829","Gold","31/01/2023","260.45","Allister Cheal","30/09/1976","07778730139","15350 Sullivan Trail"
"8063200519","20705548","02/02/2023","2269.2","26874415","Basic","31/01/2023","19.62","Darnall Wreath","23/12/1934","07873449517","51 Paget Terrace"
"46779876","21694967","02/02/2023","1019.5","82023979","Gold","31/01/2023","744.37","Barb Eminson","20/07/1974","07748168711","3149 American Ash Hill"
"8791134862","12240007","05/02/2023","1748.6","46525458","Gold","31/01/2023","938.4","Tiphanie Ream","15/01/2002","07814193387","343 Starling Parkway"
"5402673276","71266283","04/02/2023","1218","40872555","Gold","31/01/2023","115.88","Ewell Ducker","02/11/1978","07276923375","8 Morrow Court"
"4456138882","56843498","09/02/2023","1156.9","91829198","Gold","31/01/2023","103.19","Kimball Penright","18/06/1988","07229437147","162 Beilfuss Place"
"9341982960","44066457","03/02/2023","1179","84969883","Gold","31/01/2023","672.74","Sissy Escofier","30/08/1993","07803681200","89512 Eastlawn Trail"
"5914208858","85924719","11/02/2023","1010.6","12680102","Basic","31/01/2023","674.64","Edithe Griggs","18/10/1993","07400436640","19659 Tony Lane"
"2862721220","69796371","14/02/2023","2002.7","34017695","Basic","31/01/2023","672.46","Herbie Matresse","12/06/1986","07915593923","5417 Iowa Avenue"
"4363519207","62862427","13/02/2023","1756","34017695","Basic","31/01/2023","672.46","Herbie Matresse","12/06/1986","07915593923","5417 Iowa Avenue"
"9632604202","27203821","07/02/2023","1679.8","37004975","Basic","31/01/2023","635.77","Sid Tinsey","20/03/1969","07762739943","7586 7th Avenue"
"1369012101","13274987","08/02/2023","1290.2","37004975","Basic","31/01/2023","635.77","Sid Tinsey","20/03/1969","07762739943","7586 7th Avenue"
"2113578247","22696687","12/02/2023","1061.5","21475060","Gold","31/01/2023","354.98","Leontine Boatswain","17/05/1959","07838565712","65 Dryden Point"
"973381515","36871984","12/02/2023","1663","39013360","Joint","31/01/2023","987.76","Nance Swalwel","02/05/2003","07599679728","84 Wayridge Avenue"
"3764045884","88538200","12/02/2023","1077.3","15428008","Gold","31/01/2023","131.02","Pearl Tradewell","20/05/2004","07238864294","7 Mariners Cove Way"
"3858103926","76869201","09/02/2023","1485","43811112","Gold","31/01/2023","99.92","Tremain Eilert","06/01/1951","07881749686","29401 Sachtjen Trail"
"3588310436","33632099","11/02/2023","1991.3","16334793","Gold","31/01/2023","297.75","Madelon Jerrolt","17/05/1964","07786860214","39 Lindbergh Terrace"
"8410567636","76847816","12/02/2023","1268.1","27600956","Basic","31/01/2023","84.39","Roxana Kolushev","24/07/1936","07903584842","3038 Roth Hill"
"4529731146","33240853","07/02/2023","1429.1","53260868","Basic","31/01/2023","966.85","Bobbee Sterre","25/09/1973","07104773838","2776 Macpherson Avenue"
"4658240718","36636385","07/02/2023","1392.7","64462046","Gold","31/01/2023","847.04","Ebenezer Skinley","03/07/2002","07277016427","9 Jackson Drive"
"6911274516","85496714","12/02/2023","1314.3","75747094","Basic","31/01/2023","289.48","Edith Carmen","23/12/2000","07384976565","61 Hansons Park"
"7254890195","17024652","09/02/2023","1558.7","67911201","Basic","31/01/2023","762.17","Lucienne Mowsdell","09/07/1958","07991778658","60633 Anzinger Drive"
"7180602892","64769583","04/02/2023","1705.8","40189934","Gold","31/01/2023","804.21","Jaquelyn Cortin","25/10/1976","07933791829","9 Roth Junction"
"1946831050","13267945","04/02/2023","1080.2","72934756","Gold","31/01/2023","829.55","Andeee Targetter","14/03/1959","07267888814","6 Oakridge Avenue"
"3449677802","74604471","11/02/2023","1199","60667043","Gold","31/01/2023","937.62","Xaviera Morecombe","06/06/1936","07734631525","83 Cascade Court"
"6377660596","19956941","08/02/2023","1010.6","74544582","Basic","31/01/2023","407.96","Kelcey Rosenhaupt","16/12/1980","07546294865","4456 Farwell Pass"
"9357794492","66586860","01/02/2023","1072.7","51313899","Gold","31/01/2023","189.04","Anabel Gumbrell","07/09/1981","07780840548","75 Graedel Lane"
"6095910323","43338400","14/02/2023","2197.2","36551112","Joint","31/01/2023","976.02","Bryn Chevin","30/01/1971","07581957205","47934 East Road"
"7096571558","40507682","14/02/2023","1514.1","36551112","Joint","31/01/2023","976.02","Bryn Chevin","30/01/1971","07581957205","47934 East Road"
"973180730","26632358","13/02/2023","1487.7","11346696","Basic","31/01/2023","661.99","Sonnnie Lettington","10/09/1956","07690573888","6 Homewood Junction"
"9493811697","96278865","06/02/2023","1069","73439131","Gold","31/01/2023","863.01","Lind Shaddock","23/01/1971","07875585595","16 Bunting Trail"
"176916326","33632099","12/02/2023","1955.6","18185362","Basic","31/01/2023","609.36","Agace Sporle","28/02/1999","07182359874","96 Emmet Pass"
"799584541","38558525","07/02/2023","1819","73328955","Basic","31/01/2023","404.7","Blithe Pettipher","22/04/2002","07404796564","552 Fair Oaks Plaza"
"9718945814","97581232","09/02/2023","1166.4","44626164","Basic","31/01/2023","915.14","Rhys De Vuyst","12/05/1986","07323880621","13313 Lerdahl Avenue"
"8636422310","27193470","06/02/2023","1486.9","58491429","Basic","31/01/2023","937.47","Bernetta Hagan","27/04/2001","07663200977","72746 Heath Plaza"
"6227762334","66175264","10/02/2023","1134.6","28142099","Gold","31/01/2023","420.86","Brnaby Mackrill","01/08/1983","07620870297","5177 Kropf Way"
"4635802795","60184250","05/02/2023","1526.1","45558696","Basic","31/01/2023","760.19","Joannes Walczak","01/07/1981","07197765679","9702 Pierstorff Street"
"2959546091","65724980","06/02/2023","1138.4","83981442","Gold","31/01/2023","89.35","Emelyne Victory","27/06/1975","07635714109","793 Oak Center"
"9709278754","59705091","02/02/2023","1091.2","81655495","Basic","31/01/2023","315.33","Vernice Blonfield","15/03/1933","07981776102","718 Heath Way"
"275656446","28911002","01/02/2023","1139.7","81655495","Basic","31/01/2023","315.33","Vernice Blonfield","15/03/1933","07981776102","718 Heath Way"
"7934676808","69664627","12/02/2023","1482.9","10243581","Gold","31/01/2023","104.27","Kalvin Duetschens","27/03/1965","07727619510","19032 Duke Parkway"
"5172123717","19334563","14/02/2023","1773.6","85723355","Gold","31/01/2023","745.34","Valle Gebuhr","23/09/1989","07784016153","8 Bunting Parkway"
"8489908664","85344981","06/02/2023","1024.2","72208029","Gold","31/01/2023","11.37","Daphna Aizikovitz","13/09/1982","07750510983","587 Oxford Plaza"
"1575348896","77841390","08/02/2023","1908.7","89632856","Basic","31/01/2023","557.83","Gordan Paul","29/05/1972","07592938722","882 Schurz Lane"
"9611088159","11463412","09/02/2023","1582.3","97487639","Gold","31/01/2023","403.96","Adora Medeway","31/08/1954","07420518199","42490 Charing Cross Court"
"248526839","98620342","12/02/2023","1006.5","83530155","Basic","31/01/2023","638.57","Doyle Abbyss","15/05/1934","07121818033","1493 Tomscot Road"
"3203866781","86339899","06/02/2023","1792.7","14337606","Basic","31/01/2023","561.8","Em Willicott","25/11/1943","07460992733","7776 Parkside Way"
"9323740667","51313899","03/02/2023","1488","36114551","Joint","31/01/2023","876.22","Janey Stag","08/07/1944","07710907490","220 Bonner Road"
"3488111660","88568543","11/02/2023","1215.8","26506201","Basic","31/01/2023","592.7","Morton Heggs","09/07/1949","07505844255","327 Caliangt Road"
"5508208399","79090076","02/02/2023","1520.8","31670977","Basic","31/01/2023","385.42","Arda Wofenden","15/09/1964","07656245152","212 Park Meadow Plaza"
"9791706700","86218347","07/02/2023","1581.8","40039031","Gold","31/01/2023","124.72","Oralla Plumm","21/04/1940","07901713079","91 Washington Terrace"
"9822470290","37443706","13/02/2023","1088","41245288","Gold","31/01/2023","540.61","Asia Wyld","21/05/1993","07247421402","820 Petterle Drive"
"7466187412","37503622","09/02/2023","1300.7","14448009","Joint","31/01/2023","958.46","Brinn Attkins","13/10/1993","07538141937","70105 Hayes Way"
"319483649","98377332","08/02/2023","1779.2","14448009","Joint","31/01/2023","958.46","Brinn Attkins","13/10/1993","07538141937","70105 Hayes Way"
"3101879213","21392412","04/02/2023","1367.4","14448009","Joint","31/01/2023","958.46","Brinn Attkins","13/10/1993","07538141937","70105 Hayes Way"
"7719095529","66257438","12/02/2023","1799.2","59238438","Gold","31/01/2023","105.1","Jehanna Sprakes","31/10/1975","07140498765","9636 Michigan Junction"
"4416585330","37789180","08/02/2023","1621","61087394","Basic","31/01/2023","112.81","Lalo Cheesman","02/10/1967","07507591005","1 Lawn Point"
"3693906904","46073044","14/02/2023","1879.5","61087394","Basic","31/01/2023","112.81","Lalo Cheesman","02/10/1967","07507591005","1 Lawn Point"
"5106930413","16223952","05/02/2023","1174.8","78927989","Gold","31/01/2023","825.23","Juline Gillion","18/10/1993","07398841684","1540 Karstens Way"
"6541213046","29039134","12/02/2023","1411.1","64402841","Basic","31/01/2023","751.76","Rowney Pepin","16/02/1949","07841846726","971 Homewood Drive"
"974884987","44228646","04/02/2023","1315.2","82776251","Basic","31/01/2023","747.11","Morlee Urridge","09/01/1979","07504374105","1 Towne Park"
"6575815251","26632358","07/02/2023","1029.9","77554032","Gold","31/01/2023","646.5","Randi Rubinivitz","27/03/1979","07367414287","14 Rigney Crossing"
"829155724","16312979","08/02/2023","2113.3","85140734","Basic","31/01/2023","699.57","Randene Teesdale","30/06/1985","07480366801","255 Gina Junction"
"4969871574","13426667","12/02/2023","1224.6","63486424","Basic","31/01/2023","531.83","Edvard Vearncomb","04/07/1966","07752063269","229 Evergreen Drive"
"1542635829","63845700","09/02/2023","1606.6","28595197","Basic","31/01/2023","897.68","Karmen Hunnybun","04/12/1937","07261375925","40 Comanche Crossing"
"6572965856","48081999","12/02/2023","1291.9","96227490","Gold","31/01/2023","242.11","Catherina Benson","13/02/1932","07303372399","19 Bunker Hill Alley"
"2390149693","32386770","05/02/2023","1131.8","96837696","Gold","31/01/2023","889.9","Wenona McVitty","14/04/1988","07699796362","3 Crest Line Center"
"9074617751","78234498","04/02/2023","1369.6","98717357","Basic","31/01/2023","183.63","Mariana Aburrow","02/12/1955","07188572854","6 Darwin Pass"
"1857908597","41542689","12/02/2023","1255.7","27596004","Gold","31/01/2023","505.73","Garald Venny","27/07/1965","07535383868","9 Buell Hill"
"784603499","39744047","14/02/2023","1583.4","17085651","Gold","31/01/2023","945.51","Otho Kelinge","03/06/1958","07524597284","22 Kennedy Trail"
"4606990570","39542358","11/02/2023","1168.2","17085651","Gold","31/01/2023","945.51","Otho Kelinge","03/06/1958","07524597284","22 Kennedy Trail"
"8864200932","54067346","11/02/2023","1635.6","17085651","Gold","31/01/2023","945.51","Otho Kelinge","03/06/1958","07524597284","22 Kennedy Trail"
"3268335284","61781801","08/02/2023","1051.4","80678427","Basic","31/01/2023","97.72","Miguelita Wildbore","03/02/1976","07865100182","134 Gale Hill"
"634472038","98568929","13/02/2023","1121.3","21719977","Gold","31/01/2023","758.81","Codi Pattison","28/10/1988","07220586650","7 Messerschmidt Alley"
"1911852973","72716288","07/02/2023","1282.4","76847816","Gold","31/01/2023","197.8","Maribeth L'Episcopio","04/12/1944","07146390021","81708 Almo Lane"
"7942566005","15100785","09/02/2023","1038.5","98237008","Gold","31/01/2023","437.26","Cathie Matelyunas","16/01/1985","07609240164","210 Kennedy Center"
"4322436110","64683004","08/02/2023","2017.7","61847987","Basic","31/01/2023","874.22","Deloris Blackader","07/09/1937","07737759100","94017 Roth Place"
"9131693652","34252525","13/02/2023","1503.4","54032229","Basic","31/01/2023","176.12","Marlie Benadette","18/10/1975","07176111121","8279 Monument Lane"
"6080261693","93529019","11/02/2023","1507.4","54937975","Basic","31/01/2023","218.66","Noemi Ravenscraft","29/04/1939","07388919183","7864 Crowley Crossing"
"2076804692","60017511","04/02/2023","1131.3","71444662","Gold","31/01/2023","276.78","Adelice Ghidoli","04/07/1982","07319330281","52566 Shopko Street"
"4140747293","85156953","14/02/2023","2134.6","20425065","Basic","31/01/2023","866.77","Farrah Bernasek","04/03/1995","07324300770","839 Bluestem Crossing"
"1019117125","43623061","02/02/2023","1502.2","10769769","Basic","31/01/2023","906.91","Babbette Bromby","24/05/1936","07355990194","447 Dwight Circle"
"2978569654","11475827","11/02/2023","1129.9","52814597","Gold","31/01/2023","899.39","Aluin Errey","11/01/1993","07748137461","65 Ramsey Court"
"2019114135","87876065","01/02/2023","1821.6","52814597","Gold","31/01/2023","899.39","Aluin Errey","11/01/1993","07748137461","65 Ramsey Court"
"6506779748","82259327","05/02/2023","1463.6","68484031","Basic","31/01/2023","853.99","Tine Barnet","13/02/1952","07131680793","12016 Lotheville Pass"
"7977048825","46215382","10/02/2023","2084.1","52911248","Gold","31/01/2023","430.16","Port Berrycloth","04/10/1982","07614724836","3 5th Drive"
"9323740667","51313899","03/02/2023","1488","36114551","Joint","31/01/2023","876.22","Verile Briggs","25/11/1996","07476103800","220 Bonner Road"
"8263650534","68275028","07/02/2023","1002.5","31770323","Gold","31/01/2023","666.66","Maddy Thatcher","15/12/1933","07617883129","7156 Rowland Hill"
"3435734426","28738041","07/02/2023","1806.9","22393008","Gold","31/01/2023","753.5","Toinette Dight","30/07/1951","07661260409","8 Bluejay Avenue"
"8811694280","25510430","06/02/2023","1359","99791709","Gold","31/01/2023","15.05","Tabby Matteotti","13/10/1962","07586210387","7517 Aberg Plaza"
"5451548633","53831793","13/02/2023","1226.1","44066457","Basic","31/01/2023","18.09","Anjanette Thridgould","03/08/1949","07277983085","8 Twin Pines Lane"
"4903491501","49696722","13/02/2023","1291.4","59198134","Basic","31/01/2023","122.62","Sileas Rowter","01/03/1932","07515621440","86 Nancy Drive"
"2966603895","39504855","11/02/2023","1000.2","79570236","Gold","31/01/2023","91.66","Cicily Dearnly","13/05/1980","07353891176","7585 Michigan Park"
"1716788439","37945317","10/02/2023","1524.4","25746852","Gold","31/01/2023","320.7","Rivkah Iacapucci","30/08/1954","07516033062","14 Weeping Birch Terrace"
"4023198668","84187157","14/02/2023","1485.7","25746852","Gold","31/01/2023","320.7","Rivkah Iacapucci","30/08/1954","07516033062","14 Weeping Birch Terrace"
"4167488191","75569387","01/02/2023","1775.6","29638033","Gold","31/01/2023","537.95","Barbaraanne Fredi","01/04/1963","07544564107","104 Dawn Drive"
"8738045222","45558696","02/02/2023","1890","29638033","Gold","31/01/2023","537.95","Barbaraanne Fredi","01/04/1963","07544564107","104 Dawn Drive"
"393779424","88040274","06/02/2023","1743.5","33832864","Joint","31/01/2023","46.85","Miof mela Yurasov","02/08/1952","07801189448","65851 Lakewood Drive"
"4279360650","91576212","08/02/2023","1254.7","51504474","Basic","31/01/2023","153.25","Raeann Giamelli","07/03/1944","07141897730","50426 Lukken Court"
"9484849237","80709302","11/02/2023","2044.6","73234341","Gold","31/01/2023","811.71","Evonne Blackesland","14/03/1969","07348055344","8 Esker Parkway"
"634577484","37561049","05/02/2023","1922.5","85192761","Gold","31/01/2023","982.48","Mohandas Terrazzo","24/05/1970","07357309650","19370 Nancy Junction"
"5891700549","40189934","02/02/2023","1824.3","23141588","Joint","31/01/2023","281.28","Minne Sandeman","22/12/1985","07239963827","49 Pond Pass"
"1841176222","81994568","10/02/2023","1463.6","86218347","Basic","31/01/2023","481.16","Gerik Ripsher","19/10/1975","07881980183","74304 Kropf Parkway"
"1599468271","63298193","08/02/2023","1374.1","46085917","Gold","31/01/2023","340.16","Felicdad Reder","20/10/1941","07889666644","6946 Hoffman Road"
"7273869791","19686460","08/02/2023","1379.8","30112323","Joint","31/01/2023","519.73","Noreen Severwright","18/07/1997","07418460321","9 Magdeline Alley"
"3072380945","22393008","09/02/2023","1260","59110895","Basic","31/01/2023","605.5","Arron Isaac","30/07/1951","07116758375","1278 Mallard Park"
"1912023679","50959802","14/02/2023","1157.1","38903150","Basic","31/01/2023","263.28","Noellyn Scotney","28/08/1985","07760234692","24 Nancy Terrace"
"3478144698","99481977","02/02/2023","1695.5","76169332","Basic","31/01/2023","615.46","Jacqueline Comello","15/08/1933","07366780779","2669 Sommers Way"
"6420230608","97258853","02/02/2023","1157.4","23045208","Gold","31/01/2023","359.49","Sheff Crowder","15/07/1950","07657988807","979 Londonderry Pass"
"9161107409","96719450","10/02/2023","1362.1","53086727","Gold","31/01/2023","408.74","Kathe Winslade","07/06/1981","07926756392","9 West Hill"
"6474019611","63746530","09/02/2023","1705.6","43616790","Gold","31/01/2023","365.67","Jean Arthur","10/11/1957","07521843952","64 Duke Terrace"
"4527381423","16984772","02/02/2023","1351.2","56458213","Gold","31/01/2023","731.3","Vasily McVeagh","17/07/1963","07375175770","3 Dennis Plaza"
